"filename", "language", "XML", "YAML", "Properties", "Groovy", "Dart", "GraphQL", "C++", "Markdown", "Swift", "Go", "Go Module File", "JSON", "Go Checksum File", "comment", "blank", "total"
"/Users/juanma/development/golang/happ/happ_client/README.md", "Markdown", 0, 0, 0, 0, 0, 0, 0, 10, 0, 0, 0, 0, 0, 0, 7, 17
"/Users/juanma/development/golang/happ/happ_client/analysis_options.yaml", "YAML", 0, 3, 0, 0, 0, 0, 0, 0, 0, 0, 0, 0, 0, 23, 4, 30
"/Users/juanma/development/golang/happ/happ_client/android/app/build.gradle", "Groovy", 0, 0, 0, 54, 0, 0, 0, 0, 0, 0, 0, 0, 0, 5, 13, 72
"/Users/juanma/development/golang/happ/happ_client/android/app/src/debug/AndroidManifest.xml", "XML", 4, 0, 0, 0, 0, 0, 0, 0, 0, 0, 0, 0, 0, 4, 1, 9
"/Users/juanma/development/golang/happ/happ_client/android/app/src/main/AndroidManifest.xml", "XML", 28, 0, 0, 0, 0, 0, 0, 0, 0, 0, 0, 0, 0, 6, 1, 35
"/Users/juanma/development/golang/happ/happ_client/android/app/src/main/res/drawable-v21/launch_background.xml", "XML", 4, 0, 0, 0, 0, 0, 0, 0, 0, 0, 0, 0, 0, 7, 2, 13
"/Users/juanma/development/golang/happ/happ_client/android/app/src/main/res/drawable/launch_background.xml", "XML", 4, 0, 0, 0, 0, 0, 0, 0, 0, 0, 0, 0, 0, 7, 2, 13
"/Users/juanma/development/golang/happ/happ_client/android/app/src/main/res/values-night/styles.xml", "XML", 9, 0, 0, 0, 0, 0, 0, 0, 0, 0, 0, 0, 0, 9, 1, 19
"/Users/juanma/development/golang/happ/happ_client/android/app/src/main/res/values/styles.xml", "XML", 9, 0, 0, 0, 0, 0, 0, 0, 0, 0, 0, 0, 0, 9, 1, 19
"/Users/juanma/development/golang/happ/happ_client/android/app/src/profile/AndroidManifest.xml", "XML", 4, 0, 0, 0, 0, 0, 0, 0, 0, 0, 0, 0, 0, 4, 1, 9
"/Users/juanma/development/golang/happ/happ_client/android/build.gradle", "Groovy", 0, 0, 0, 27, 0, 0, 0, 0, 0, 0, 0, 0, 0, 0, 5, 32
"/Users/juanma/development/golang/happ/happ_client/android/gradle.properties", "Properties", 0, 0, 3, 0, 0, 0, 0, 0, 0, 0, 0, 0, 0, 0, 1, 4
"/Users/juanma/development/golang/happ/happ_client/android/gradle/wrapper/gradle-wrapper.properties", "Properties", 0, 0, 5, 0, 0, 0, 0, 0, 0, 0, 0, 0, 0, 1, 1, 7
"/Users/juanma/development/golang/happ/happ_client/android/settings.gradle", "Groovy", 0, 0, 0, 8, 0, 0, 0, 0, 0, 0, 0, 0, 0, 0, 4, 12
"/Users/juanma/development/golang/happ/happ_client/assets/logos/mapbox-logo-svg-black.svg", "XML", 37, 0, 0, 0, 0, 0, 0, 0, 0, 0, 0, 0, 0, 1, 1, 39
"/Users/juanma/development/golang/happ/happ_client/build.yaml", "YAML", 0, 21, 0, 0, 0, 0, 0, 0, 0, 0, 0, 0, 0, 8, 0, 29
"/Users/juanma/development/golang/happ/happ_client/graphql/mutations/acceptInvitation.graphql", "GraphQL", 0, 0, 0, 0, 0, 6, 0, 0, 0, 0, 0, 0, 0, 0, 0, 6
"/Users/juanma/development/golang/happ/happ_client/graphql/mutations/addGuests.graphql", "GraphQL", 0, 0, 0, 0, 0, 6, 0, 0, 0, 0, 0, 0, 0, 0, 0, 6
"/Users/juanma/development/golang/happ/happ_client/graphql/mutations/addOrRemoveUser.graphql", "GraphQL", 0, 0, 0, 0, 0, 9, 0, 0, 0, 0, 0, 0, 0, 0, 0, 9
"/Users/juanma/development/golang/happ/happ_client/graphql/mutations/deleteEvent.graphql", "GraphQL", 0, 0, 0, 0, 0, 5, 0, 0, 0, 0, 0, 0, 0, 0, 0, 5
"/Users/juanma/development/golang/happ/happ_client/graphql/mutations/deleteUser.graphql", "GraphQL", 0, 0, 0, 0, 0, 3, 0, 0, 0, 0, 0, 0, 0, 0, 0, 3
"/Users/juanma/development/golang/happ/happ_client/graphql/mutations/inviteGuestsAndOrganizers.graphql", "GraphQL", 0, 0, 0, 0, 0, 11, 0, 0, 0, 0, 0, 0, 0, 0, 0, 11
"/Users/juanma/development/golang/happ/happ_client/graphql/mutations/leaveEvent.graphql", "GraphQL", 0, 0, 0, 0, 0, 5, 0, 0, 0, 0, 0, 0, 0, 0, 0, 5
"/Users/juanma/development/golang/happ/happ_client/graphql/mutations/newEvent.graphql", "GraphQL", 0, 0, 0, 0, 0, 24, 0, 0, 0, 0, 0, 0, 0, 0, 0, 24
"/Users/juanma/development/golang/happ/happ_client/graphql/mutations/refreshTokens.graphql", "GraphQL", 0, 0, 0, 0, 0, 0, 0, 0, 0, 0, 0, 0, 0, 6, 0, 6
"/Users/juanma/development/golang/happ/happ_client/graphql/mutations/removeGuests.graphql", "GraphQL", 0, 0, 0, 0, 0, 6, 0, 0, 0, 0, 0, 0, 0, 0, 0, 6
"/Users/juanma/development/golang/happ/happ_client/graphql/mutations/saveDevice.graphql", "GraphQL", 0, 0, 0, 0, 0, 3, 0, 0, 0, 0, 0, 0, 0, 0, 0, 3
"/Users/juanma/development/golang/happ/happ_client/graphql/mutations/scanPass.graphql", "GraphQL", 0, 0, 0, 0, 0, 6, 0, 0, 0, 0, 0, 0, 0, 0, 0, 6
"/Users/juanma/development/golang/happ/happ_client/graphql/mutations/signIn.graphql", "GraphQL", 0, 0, 0, 0, 0, 14, 0, 0, 0, 0, 0, 0, 0, 0, 0, 14
"/Users/juanma/development/golang/happ/happ_client/graphql/mutations/signUp.graphql", "GraphQL", 0, 0, 0, 0, 0, 0, 0, 0, 0, 0, 0, 0, 0, 21, 0, 21
"/Users/juanma/development/golang/happ/happ_client/graphql/mutations/updateEvent.graphql", "GraphQL", 0, 0, 0, 0, 0, 28, 0, 0, 0, 0, 0, 0, 0, 0, 0, 28
"/Users/juanma/development/golang/happ/happ_client/graphql/queries/getEventGuests.graphql", "GraphQL", 0, 0, 0, 0, 0, 11, 0, 0, 0, 0, 0, 0, 0, 0, 0, 11
"/Users/juanma/development/golang/happ/happ_client/graphql/queries/getEventHosts.graphql", "GraphQL", 0, 0, 0, 0, 0, 11, 0, 0, 0, 0, 0, 0, 0, 0, 0, 11
"/Users/juanma/development/golang/happ/happ_client/graphql/queries/getUserEvents.graphql", "GraphQL", 0, 0, 0, 0, 0, 42, 0, 0, 0, 0, 0, 0, 0, 0, 0, 42
"/Users/juanma/development/golang/happ/happ_client/graphql/queries/getUserEventsFromFriends.graphql", "GraphQL", 0, 0, 0, 0, 0, 42, 0, 0, 0, 0, 0, 0, 0, 0, 0, 42
"/Users/juanma/development/golang/happ/happ_client/graphql/queries/getUserOtherEvents.graphql", "GraphQL", 0, 0, 0, 0, 0, 42, 0, 0, 0, 0, 0, 0, 0, 0, 0, 42
"/Users/juanma/development/golang/happ/happ_client/graphql/queries/searchForUsersToAddAsGuests.graphql", "GraphQL", 0, 0, 0, 0, 0, 8, 0, 0, 0, 0, 0, 0, 0, 0, 0, 8
"/Users/juanma/development/golang/happ/happ_client/graphql/queries/searchUsers.graphql", "GraphQL", 0, 0, 0, 0, 0, 9, 0, 0, 0, 0, 0, 0, 0, 0, 0, 9
"/Users/juanma/development/golang/happ/happ_client/graphql/queries/seePass.graphql", "GraphQL", 0, 0, 0, 0, 0, 3, 0, 0, 0, 0, 0, 0, 0, 0, 0, 3
"/Users/juanma/development/golang/happ/happ_client/graphql/queries/userAccess.graphql", "GraphQL", 0, 0, 0, 0, 0, 9, 0, 0, 0, 0, 0, 0, 0, 1, 0, 10
"/Users/juanma/development/golang/happ/happ_client/graphql/queries/userFromId.graphql", "GraphQL", 0, 0, 0, 0, 0, 9, 0, 0, 0, 0, 0, 0, 0, 0, 0, 9
"/Users/juanma/development/golang/happ/happ_client/ios/Runner/AppDelegate.swift", "Swift", 0, 0, 0, 0, 0, 0, 0, 0, 12, 0, 0, 0, 0, 0, 2, 14
"/Users/juanma/development/golang/happ/happ_client/ios/Runner/Assets.xcassets/AppIcon.appiconset/Contents.json", "JSON", 0, 0, 0, 0, 0, 0, 0, 0, 0, 0, 0, 122, 0, 0, 1, 123
"/Users/juanma/development/golang/happ/happ_client/ios/Runner/Assets.xcassets/LaunchImage.imageset/Contents.json", "JSON", 0, 0, 0, 0, 0, 0, 0, 0, 0, 0, 0, 23, 0, 0, 1, 24
"/Users/juanma/development/golang/happ/happ_client/ios/Runner/Assets.xcassets/LaunchImage.imageset/README.md", "Markdown", 0, 0, 0, 0, 0, 0, 0, 3, 0, 0, 0, 0, 0, 0, 2, 5
"/Users/juanma/development/golang/happ/happ_client/ios/Runner/Base.lproj/LaunchScreen.storyboard", "XML", 36, 0, 0, 0, 0, 0, 0, 0, 0, 0, 0, 0, 0, 1, 1, 38
"/Users/juanma/development/golang/happ/happ_client/ios/Runner/Base.lproj/Main.storyboard", "XML", 25, 0, 0, 0, 0, 0, 0, 0, 0, 0, 0, 0, 0, 1, 1, 27
"/Users/juanma/development/golang/happ/happ_client/ios/Runner/Runner-Bridging-Header.h", "C++", 0, 0, 0, 0, 0, 0, 1, 0, 0, 0, 0, 0, 0, 0, 1, 2
"/Users/juanma/development/golang/happ/happ_client/lib/main.dart", "Dart", 0, 0, 0, 0, 156, 0, 0, 0, 0, 0, 0, 0, 0, 58, 34, 248
"/Users/juanma/development/golang/happ/happ_client/lib/my_flutter_app_icons.dart", "Dart", 0, 0, 0, 0, 6, 0, 0, 0, 0, 0, 0, 0, 0, 19, 6, 31
"/Users/juanma/development/golang/happ/happ_client/lib/src/api/graphql/graphql_api.dart", "Dart", 0, 0, 0, 0, 1, 0, 0, 0, 0, 0, 0, 0, 0, 1, 1, 3
"/Users/juanma/development/golang/happ/happ_client/lib/src/api/graphql/graphql_api.graphql.dart", "Dart", 0, 0, 0, 0, 3660, 0, 0, 0, 0, 0, 0, 0, 0, 2, 665, 4327
"/Users/juanma/development/golang/happ/happ_client/lib/src/api/graphql/graphql_api.graphql.g.dart", "Dart", 0, 0, 0, 0, 1341, 0, 0, 0, 0, 0, 0, 0, 0, 5, 185, 1531
"/Users/juanma/development/golang/happ/happ_client/lib/src/api/graphql/upload_serializer.dart", "Dart", 0, 0, 0, 0, 9, 0, 0, 0, 0, 0, 0, 0, 0, 1, 5, 15
"/Users/juanma/development/golang/happ/happ_client/lib/src/client/client.dart", "Dart", 0, 0, 0, 0, 4, 0, 0, 0, 0, 0, 0, 0, 0, 0, 1, 5
"/Users/juanma/development/golang/happ/happ_client/lib/src/client/customLink.dart", "Dart", 0, 0, 0, 0, 0, 0, 0, 0, 0, 0, 0, 0, 0, 101, 22, 123
"/Users/juanma/development/golang/happ/happ_client/lib/src/models/customMultipartFile.dart", "Dart", 0, 0, 0, 0, 48, 0, 0, 0, 0, 0, 0, 0, 0, 0, 3, 51
"/Users/juanma/development/golang/happ/happ_client/lib/src/repos/eventRepo.dart", "Dart", 0, 0, 0, 0, 251, 0, 0, 0, 0, 0, 0, 0, 0, 1, 38, 290
"/Users/juanma/development/golang/happ/happ_client/lib/src/repos/userRepo.dart", "Dart", 0, 0, 0, 0, 121, 0, 0, 0, 0, 0, 0, 0, 0, 35, 26, 182
"/Users/juanma/development/golang/happ/happ_client/lib/src/riverpod/acceptInvitation/acceptInvitation.dart", "Dart", 0, 0, 0, 0, 23, 0, 0, 0, 0, 0, 0, 0, 0, 1, 5, 29
"/Users/juanma/development/golang/happ/happ_client/lib/src/riverpod/acceptInvitation/acceptInvitationState.dart", "Dart", 0, 0, 0, 0, 17, 0, 0, 0, 0, 0, 0, 0, 0, 0, 8, 25
"/Users/juanma/development/golang/happ/happ_client/lib/src/riverpod/addGuests/addGuests.dart", "Dart", 0, 0, 0, 0, 25, 0, 0, 0, 0, 0, 0, 0, 0, 0, 5, 30
"/Users/juanma/development/golang/happ/happ_client/lib/src/riverpod/addGuests/addGuestsState.dart", "Dart", 0, 0, 0, 0, 29, 0, 0, 0, 0, 0, 0, 0, 0, 0, 11, 40
"/Users/juanma/development/golang/happ/happ_client/lib/src/riverpod/addNewGuestsSelect/addNewGuestsSelect.dart", "Dart", 0, 0, 0, 0, 17, 0, 0, 0, 0, 0, 0, 0, 0, 4, 5, 26
"/Users/juanma/development/golang/happ/happ_client/lib/src/riverpod/addNewGuestsSelect/addNewGuestsSelectState.dart", "Dart", 0, 0, 0, 0, 24, 0, 0, 0, 0, 0, 0, 0, 0, 0, 11, 35
"/Users/juanma/development/golang/happ/happ_client/lib/src/riverpod/addRemove/addRemove.dart", "Dart", 0, 0, 0, 0, 40, 0, 0, 0, 0, 0, 0, 0, 0, 26, 5, 71
"/Users/juanma/development/golang/happ/happ_client/lib/src/riverpod/addRemove/addRemoveState.dart", "Dart", 0, 0, 0, 0, 29, 0, 0, 0, 0, 0, 0, 0, 0, 1, 11, 41
"/Users/juanma/development/golang/happ/happ_client/lib/src/riverpod/auth/buttonState.dart", "Dart", 0, 0, 0, 0, 16, 0, 0, 0, 0, 0, 0, 0, 0, 1, 5, 22
"/Users/juanma/development/golang/happ/happ_client/lib/src/riverpod/authFlowNotifier/authFlowNotifier.dart", "Dart", 0, 0, 0, 0, 12, 0, 0, 0, 0, 0, 0, 0, 0, 0, 4, 16
"/Users/juanma/development/golang/happ/happ_client/lib/src/riverpod/authFlowNotifier/authFlowNotifierState.dart", "Dart", 0, 0, 0, 0, 8, 0, 0, 0, 0, 0, 0, 0, 0, 1, 5, 14
"/Users/juanma/development/golang/happ/happ_client/lib/src/riverpod/currentUser/currentUser.dart", "Dart", 0, 0, 0, 0, 10, 0, 0, 0, 0, 0, 0, 0, 0, 0, 4, 14
"/Users/juanma/development/golang/happ/happ_client/lib/src/riverpod/deleteEvent/deleteEvent.dart", "Dart", 0, 0, 0, 0, 24, 0, 0, 0, 0, 0, 0, 0, 0, 2, 5, 31
"/Users/juanma/development/golang/happ/happ_client/lib/src/riverpod/deleteEvent/deleteEventState.dart", "Dart", 0, 0, 0, 0, 31, 0, 0, 0, 0, 0, 0, 0, 0, 0, 11, 42
"/Users/juanma/development/golang/happ/happ_client/lib/src/riverpod/deleteUser/deleteUser.dart", "Dart", 0, 0, 0, 0, 21, 0, 0, 0, 0, 0, 0, 0, 0, 0, 5, 26
"/Users/juanma/development/golang/happ/happ_client/lib/src/riverpod/deleteUser/deleteUserState.dart", "Dart", 0, 0, 0, 0, 17, 0, 0, 0, 0, 0, 0, 0, 0, 0, 8, 25
"/Users/juanma/development/golang/happ/happ_client/lib/src/riverpod/eventGuests/eventGuests.dart", "Dart", 0, 0, 0, 0, 28, 0, 0, 0, 0, 0, 0, 0, 0, 2, 8, 38
"/Users/juanma/development/golang/happ/happ_client/lib/src/riverpod/eventGuests/eventGuestsState.dart", "Dart", 0, 0, 0, 0, 25, 0, 0, 0, 0, 0, 0, 0, 0, 0, 11, 36
"/Users/juanma/development/golang/happ/happ_client/lib/src/riverpod/eventHosts/eventHosts.dart", "Dart", 0, 0, 0, 0, 23, 0, 0, 0, 0, 0, 0, 0, 0, 3, 5, 31
"/Users/juanma/development/golang/happ/happ_client/lib/src/riverpod/eventHosts/eventHostsState.dart", "Dart", 0, 0, 0, 0, 17, 0, 0, 0, 0, 0, 0, 0, 0, 0, 8, 25
"/Users/juanma/development/golang/happ/happ_client/lib/src/riverpod/eventUpdatePictureActions/pictureActions.dart", "Dart", 0, 0, 0, 0, 12, 0, 0, 0, 0, 0, 0, 0, 0, 10, 5, 27
"/Users/juanma/development/golang/happ/happ_client/lib/src/riverpod/eventUpdatePictureActions/pictureActionsState.dart", "Dart", 0, 0, 0, 0, 20, 0, 0, 0, 0, 0, 0, 0, 0, 0, 5, 25
"/Users/juanma/development/golang/happ/happ_client/lib/src/riverpod/eventUpdateReady/eventUpdateReady.dart", "Dart", 0, 0, 0, 0, 30, 0, 0, 0, 0, 0, 0, 0, 0, 0, 4, 34
"/Users/juanma/development/golang/happ/happ_client/lib/src/riverpod/eventUpdateReady/eventUpdateReadyState.dart", "Dart", 0, 0, 0, 0, 33, 0, 0, 0, 0, 0, 0, 0, 0, 0, 6, 39
"/Users/juanma/development/golang/happ/happ_client/lib/src/riverpod/firebaseAuthProvider/firebaseAuthProvider.dart", "Dart", 0, 0, 0, 0, 3, 0, 0, 0, 0, 0, 0, 0, 0, 0, 1, 4
"/Users/juanma/development/golang/happ/happ_client/lib/src/riverpod/guestListAction/guestListAction.dart", "Dart", 0, 0, 0, 0, 20, 0, 0, 0, 0, 0, 0, 0, 0, 0, 4, 24
"/Users/juanma/development/golang/happ/happ_client/lib/src/riverpod/guestListAction/guestListActionState.dart", "Dart", 0, 0, 0, 0, 32, 0, 0, 0, 0, 0, 0, 0, 0, 0, 10, 42
"/Users/juanma/development/golang/happ/happ_client/lib/src/riverpod/inviteGuestsAndOrganizers/inviteGuestsAndOrganizers.dart", "Dart", 0, 0, 0, 0, 26, 0, 0, 0, 0, 0, 0, 0, 0, 0, 5, 31
"/Users/juanma/development/golang/happ/happ_client/lib/src/riverpod/inviteGuestsAndOrganizers/inviteGuestsAndOrganizersState.dart", "Dart", 0, 0, 0, 0, 17, 0, 0, 0, 0, 0, 0, 0, 0, 0, 8, 25
"/Users/juanma/development/golang/happ/happ_client/lib/src/riverpod/inviteUserSelect/inviteUserSelect.dart", "Dart", 0, 0, 0, 0, 24, 0, 0, 0, 0, 0, 0, 0, 0, 4, 6, 34
"/Users/juanma/development/golang/happ/happ_client/lib/src/riverpod/inviteUserSelect/inviteUserSelectState.dart", "Dart", 0, 0, 0, 0, 40, 0, 0, 0, 0, 0, 0, 0, 0, 0, 16, 56
"/Users/juanma/development/golang/happ/happ_client/lib/src/riverpod/leaveEvent/leaveEvent.dart", "Dart", 0, 0, 0, 0, 24, 0, 0, 0, 0, 0, 0, 0, 0, 0, 5, 29
"/Users/juanma/development/golang/happ/happ_client/lib/src/riverpod/leaveEvent/leaveEventState.dart", "Dart", 0, 0, 0, 0, 31, 0, 0, 0, 0, 0, 0, 0, 0, 0, 11, 42
"/Users/juanma/development/golang/happ/happ_client/lib/src/riverpod/locationSearch/locationDetails.dart", "Dart", 0, 0, 0, 0, 54, 0, 0, 0, 0, 0, 0, 0, 0, 9, 18, 81
"/Users/juanma/development/golang/happ/happ_client/lib/src/riverpod/locationSearch/locationDetailsState.dart", "Dart", 0, 0, 0, 0, 27, 0, 0, 0, 0, 0, 0, 0, 0, 0, 9, 36
"/Users/juanma/development/golang/happ/happ_client/lib/src/riverpod/locationSearch/locationSearch.dart", "Dart", 0, 0, 0, 0, 31, 0, 0, 0, 0, 0, 0, 0, 0, 2, 10, 43
"/Users/juanma/development/golang/happ/happ_client/lib/src/riverpod/locationSearch/locationSearchState.dart", "Dart", 0, 0, 0, 0, 19, 0, 0, 0, 0, 0, 0, 0, 0, 0, 6, 25
"/Users/juanma/development/golang/happ/happ_client/lib/src/riverpod/locationSearch/reverseLocationDetails.dart", "Dart", 0, 0, 0, 0, 31, 0, 0, 0, 0, 0, 0, 0, 0, 0, 10, 41
"/Users/juanma/development/golang/happ/happ_client/lib/src/riverpod/locationSearch/reverseLocationDetailsState.dart", "Dart", 0, 0, 0, 0, 15, 0, 0, 0, 0, 0, 0, 0, 0, 0, 6, 21
"/Users/juanma/development/golang/happ/happ_client/lib/src/riverpod/newEvent/newEvent.dart", "Dart", 0, 0, 0, 0, 31, 0, 0, 0, 0, 0, 0, 0, 0, 0, 6, 37
"/Users/juanma/development/golang/happ/happ_client/lib/src/riverpod/newEvent/newEventState.dart", "Dart", 0, 0, 0, 0, 18, 0, 0, 0, 0, 0, 0, 0, 0, 0, 8, 26
"/Users/juanma/development/golang/happ/happ_client/lib/src/riverpod/newEventAddPictures/newEventAddPictureState.dart", "Dart", 0, 0, 0, 0, 15, 0, 0, 0, 0, 0, 0, 0, 0, 0, 6, 21
"/Users/juanma/development/golang/happ/happ_client/lib/src/riverpod/newEventAddPictures/newEventAddPictures.dart", "Dart", 0, 0, 0, 0, 13, 0, 0, 0, 0, 0, 0, 0, 0, 0, 5, 18
"/Users/juanma/development/golang/happ/happ_client/lib/src/riverpod/newEventComplete/newEventComplete.dart", "Dart", 0, 0, 0, 0, 36, 0, 0, 0, 0, 0, 0, 0, 0, 0, 4, 40
"/Users/juanma/development/golang/happ/happ_client/lib/src/riverpod/newEventComplete/newEventCompleteState.dart", "Dart", 0, 0, 0, 0, 39, 0, 0, 0, 0, 0, 0, 0, 0, 0, 6, 45
"/Users/juanma/development/golang/happ/happ_client/lib/src/riverpod/pickDateAndTime/pickDateAndTime.dart", "Dart", 0, 0, 0, 0, 26, 0, 0, 0, 0, 0, 0, 0, 0, 2, 10, 38
"/Users/juanma/development/golang/happ/happ_client/lib/src/riverpod/pickDateAndTime/pickDateAndTimeState.dart", "Dart", 0, 0, 0, 0, 29, 0, 0, 0, 0, 0, 0, 0, 0, 0, 12, 41
"/Users/juanma/development/golang/happ/happ_client/lib/src/riverpod/removeGuestSelect/removeGuestSelect.dart", "Dart", 0, 0, 0, 0, 16, 0, 0, 0, 0, 0, 0, 0, 0, 10, 6, 32
"/Users/juanma/development/golang/happ/happ_client/lib/src/riverpod/removeGuestSelect/removeGuestSelectState.dart", "Dart", 0, 0, 0, 0, 23, 0, 0, 0, 0, 0, 0, 0, 0, 0, 10, 33
"/Users/juanma/development/golang/happ/happ_client/lib/src/riverpod/removeGuests/removeGuests.dart", "Dart", 0, 0, 0, 0, 25, 0, 0, 0, 0, 0, 0, 0, 0, 2, 6, 33
"/Users/juanma/development/golang/happ/happ_client/lib/src/riverpod/removeGuests/removeGuestsState.dart", "Dart", 0, 0, 0, 0, 33, 0, 0, 0, 0, 0, 0, 0, 0, 0, 11, 44
"/Users/juanma/development/golang/happ/happ_client/lib/src/riverpod/scanPass/scanPass.dart", "Dart", 0, 0, 0, 0, 24, 0, 0, 0, 0, 0, 0, 0, 0, 0, 5, 29
"/Users/juanma/development/golang/happ/happ_client/lib/src/riverpod/scanPass/scanPassState.dart", "Dart", 0, 0, 0, 0, 24, 0, 0, 0, 0, 0, 0, 0, 0, 0, 9, 33
"/Users/juanma/development/golang/happ/happ_client/lib/src/riverpod/search/search.dart", "Dart", 0, 0, 0, 0, 28, 0, 0, 0, 0, 0, 0, 0, 0, 7, 13, 48
"/Users/juanma/development/golang/happ/happ_client/lib/src/riverpod/search/searchState.dart", "Dart", 0, 0, 0, 0, 18, 0, 0, 0, 0, 0, 0, 0, 0, 0, 8, 26
"/Users/juanma/development/golang/happ/happ_client/lib/src/riverpod/searchForUsersToAddAsGuests/searchForUsersToAddAsGuests.dart", "Dart", 0, 0, 0, 0, 19, 0, 0, 0, 0, 0, 0, 0, 0, 3, 5, 27
"/Users/juanma/development/golang/happ/happ_client/lib/src/riverpod/searchForUsersToAddAsGuests/searchForUsersToAddAsGuestsState.dart", "Dart", 0, 0, 0, 0, 30, 0, 0, 0, 0, 0, 0, 0, 0, 0, 10, 40
"/Users/juanma/development/golang/happ/happ_client/lib/src/riverpod/seePass/seePass.dart", "Dart", 0, 0, 0, 0, 21, 0, 0, 0, 0, 0, 0, 0, 0, 1, 5, 27
"/Users/juanma/development/golang/happ/happ_client/lib/src/riverpod/seePass/seePassState.dart", "Dart", 0, 0, 0, 0, 16, 0, 0, 0, 0, 0, 0, 0, 0, 0, 8, 24
"/Users/juanma/development/golang/happ/happ_client/lib/src/riverpod/signIn/signIn.dart", "Dart", 0, 0, 0, 0, 27, 0, 0, 0, 0, 0, 0, 0, 0, 0, 6, 33
"/Users/juanma/development/golang/happ/happ_client/lib/src/riverpod/signIn/signInState.dart", "Dart", 0, 0, 0, 0, 18, 0, 0, 0, 0, 0, 0, 0, 0, 0, 8, 26
"/Users/juanma/development/golang/happ/happ_client/lib/src/riverpod/updateEvent/updateEvent.dart", "Dart", 0, 0, 0, 0, 32, 0, 0, 0, 0, 0, 0, 0, 0, 0, 6, 38
"/Users/juanma/development/golang/happ/happ_client/lib/src/riverpod/updateEvent/updateEventState.dart", "Dart", 0, 0, 0, 0, 18, 0, 0, 0, 0, 0, 0, 0, 0, 0, 8, 26
"/Users/juanma/development/golang/happ/happ_client/lib/src/riverpod/updatePictures/updatePictures.dart", "Dart", 0, 0, 0, 0, 23, 0, 0, 0, 0, 0, 0, 0, 0, 0, 5, 28
"/Users/juanma/development/golang/happ/happ_client/lib/src/riverpod/updatePictures/updatePicturesState.dart", "Dart", 0, 0, 0, 0, 32, 0, 0, 0, 0, 0, 0, 0, 0, 0, 9, 41
"/Users/juanma/development/golang/happ/happ_client/lib/src/riverpod/userAccess/userAccess.dart", "Dart", 0, 0, 0, 0, 25, 0, 0, 0, 0, 0, 0, 0, 0, 1, 6, 32
"/Users/juanma/development/golang/happ/happ_client/lib/src/riverpod/userAccess/userAccessState.dart", "Dart", 0, 0, 0, 0, 18, 0, 0, 0, 0, 0, 0, 0, 0, 0, 8, 26
"/Users/juanma/development/golang/happ/happ_client/lib/src/riverpod/userData/userData.dart", "Dart", 0, 0, 0, 0, 21, 0, 0, 0, 0, 0, 0, 0, 0, 0, 5, 26
"/Users/juanma/development/golang/happ/happ_client/lib/src/riverpod/userData/userDataState.dart", "Dart", 0, 0, 0, 0, 18, 0, 0, 0, 0, 0, 0, 0, 0, 0, 8, 26
"/Users/juanma/development/golang/happ/happ_client/lib/src/riverpod/userEvents/userEvents.dart", "Dart", 0, 0, 0, 0, 112, 0, 0, 0, 0, 0, 0, 0, 0, 2, 20, 134
"/Users/juanma/development/golang/happ/happ_client/lib/src/riverpod/userEvents/userEventsState.dart", "Dart", 0, 0, 0, 0, 91, 0, 0, 0, 0, 0, 0, 0, 0, 0, 28, 119
"/Users/juanma/development/golang/happ/happ_client/lib/src/screens/auth/auth.dart", "Dart", 0, 0, 0, 0, 236, 0, 0, 0, 0, 0, 0, 0, 0, 21, 38, 295
"/Users/juanma/development/golang/happ/happ_client/lib/src/screens/auth/signIn.dart", "Dart", 0, 0, 0, 0, 0, 0, 0, 0, 0, 0, 0, 0, 0, 230, 13, 243
"/Users/juanma/development/golang/happ/happ_client/lib/src/screens/auth/signUp.dart", "Dart", 0, 0, 0, 0, 0, 0, 0, 0, 0, 0, 0, 0, 0, 118, 11, 129
"/Users/juanma/development/golang/happ/happ_client/lib/src/screens/auth/signUp/birthday.dart", "Dart", 0, 0, 0, 0, 0, 0, 0, 0, 0, 0, 0, 0, 0, 140, 8, 148
"/Users/juanma/development/golang/happ/happ_client/lib/src/screens/auth/signUp/setUp.dart", "Dart", 0, 0, 0, 0, 0, 0, 0, 0, 0, 0, 0, 0, 0, 280, 18, 298
"/Users/juanma/development/golang/happ/happ_client/lib/src/screens/auth/widgets/authErrors.dart", "Dart", 0, 0, 0, 0, 0, 0, 0, 0, 0, 0, 0, 0, 0, 44, 6, 50
"/Users/juanma/development/golang/happ/happ_client/lib/src/screens/auth/widgets/buttonAction.dart", "Dart", 0, 0, 0, 0, 56, 0, 0, 0, 0, 0, 0, 0, 0, 1, 11, 68
"/Users/juanma/development/golang/happ/happ_client/lib/src/screens/auth/widgets/passwordField.dart", "Dart", 0, 0, 0, 0, 74, 0, 0, 0, 0, 0, 0, 0, 0, 5, 6, 85
"/Users/juanma/development/golang/happ/happ_client/lib/src/screens/events/class/eventAndInviteParams.dart", "Dart", 0, 0, 0, 0, 35, 0, 0, 0, 0, 0, 0, 0, 0, 8, 5, 48
"/Users/juanma/development/golang/happ/happ_client/lib/src/screens/events/event.dart", "Dart", 0, 0, 0, 0, 510, 0, 0, 0, 0, 0, 0, 0, 0, 20, 38, 568
"/Users/juanma/development/golang/happ/happ_client/lib/src/screens/events/guestList/guestList.dart", "Dart", 0, 0, 0, 0, 187, 0, 0, 0, 0, 0, 0, 0, 0, 80, 7, 274
"/Users/juanma/development/golang/happ/happ_client/lib/src/screens/events/guestList/inviteGuestsButton.dart", "Dart", 0, 0, 0, 0, 83, 0, 0, 0, 0, 0, 0, 0, 0, 22, 9, 114
"/Users/juanma/development/golang/happ/happ_client/lib/src/screens/events/guestList/inviteGuestsResults.dart", "Dart", 0, 0, 0, 0, 174, 0, 0, 0, 0, 0, 0, 0, 0, 8, 19, 201
"/Users/juanma/development/golang/happ/happ_client/lib/src/screens/events/guestList/inviteGuestsScreen.dart", "Dart", 0, 0, 0, 0, 216, 0, 0, 0, 0, 0, 0, 0, 0, 55, 16, 287
"/Users/juanma/development/golang/happ/happ_client/lib/src/screens/events/guestList/widgets/AddOrRemoveDialog.dart", "Dart", 0, 0, 0, 0, 137, 0, 0, 0, 0, 0, 0, 0, 0, 5, 4, 146
"/Users/juanma/development/golang/happ/happ_client/lib/src/screens/events/guestList/widgets/editGuestButton.dart", "Dart", 0, 0, 0, 0, 126, 0, 0, 0, 0, 0, 0, 0, 0, 9, 7, 142
"/Users/juanma/development/golang/happ/happ_client/lib/src/screens/events/guestList/widgets/guestListGuestUserTile.dart", "Dart", 0, 0, 0, 0, 113, 0, 0, 0, 0, 0, 0, 0, 0, 35, 7, 155
"/Users/juanma/development/golang/happ/happ_client/lib/src/screens/events/guestList/widgets/guestListGuests.dart", "Dart", 0, 0, 0, 0, 141, 0, 0, 0, 0, 0, 0, 0, 0, 3, 14, 158
"/Users/juanma/development/golang/happ/happ_client/lib/src/screens/events/guestList/widgets/guestListHosts.dart", "Dart", 0, 0, 0, 0, 126, 0, 0, 0, 0, 0, 0, 0, 0, 0, 10, 136
"/Users/juanma/development/golang/happ/happ_client/lib/src/screens/events/guestList/widgets/removeGuestsConfirmDialog.dart", "Dart", 0, 0, 0, 0, 214, 0, 0, 0, 0, 0, 0, 0, 0, 19, 7, 240
"/Users/juanma/development/golang/happ/happ_client/lib/src/screens/events/invitation/eventInvitation.dart", "Dart", 0, 0, 0, 0, 272, 0, 0, 0, 0, 0, 0, 0, 0, 96, 23, 391
"/Users/juanma/development/golang/happ/happ_client/lib/src/screens/events/newEvent.dart", "Dart", 0, 0, 0, 0, 130, 0, 0, 0, 0, 0, 0, 0, 0, 19, 19, 168
"/Users/juanma/development/golang/happ/happ_client/lib/src/screens/events/newEvent/DLScreen.dart", "Dart", 0, 0, 0, 0, 198, 0, 0, 0, 0, 0, 0, 0, 0, 15, 22, 235
"/Users/juanma/development/golang/happ/happ_client/lib/src/screens/events/newEvent/DLScreen/DLScreenSearchBar.dart", "Dart", 0, 0, 0, 0, 166, 0, 0, 0, 0, 0, 0, 0, 0, 2, 8, 176
"/Users/juanma/development/golang/happ/happ_client/lib/src/screens/events/newEvent/DLScreen/dateAndTimeFields.dart", "Dart", 0, 0, 0, 0, 37, 0, 0, 0, 0, 0, 0, 0, 0, 0, 7, 44
"/Users/juanma/development/golang/happ/happ_client/lib/src/screens/events/newEvent/DLScreen/dateTimePicker.dart", "Dart", 0, 0, 0, 0, 106, 0, 0, 0, 0, 0, 0, 0, 0, 13, 6, 125
"/Users/juanma/development/golang/happ/happ_client/lib/src/screens/events/newEvent/DLScreen/editAddressName.dart", "Dart", 0, 0, 0, 0, 140, 0, 0, 0, 0, 0, 0, 0, 0, 18, 10, 168
"/Users/juanma/development/golang/happ/happ_client/lib/src/screens/events/newEvent/DLScreen/mapWidget.dart", "Dart", 0, 0, 0, 0, 206, 0, 0, 0, 0, 0, 0, 0, 0, 7, 20, 233
"/Users/juanma/development/golang/happ/happ_client/lib/src/screens/events/newEvent/DLScreen/searchLocationBar.dart", "Dart", 0, 0, 0, 0, 134, 0, 0, 0, 0, 0, 0, 0, 0, 6, 7, 147
"/Users/juanma/development/golang/happ/happ_client/lib/src/screens/events/newEvent/DLScreen/searchLocationResults.dart", "Dart", 0, 0, 0, 0, 62, 0, 0, 0, 0, 0, 0, 0, 0, 1, 3, 66
"/Users/juanma/development/golang/happ/happ_client/lib/src/screens/events/newEvent/DLScreen/searchLocationScreen.dart", "Dart", 0, 0, 0, 0, 32, 0, 0, 0, 0, 0, 0, 0, 0, 11, 6, 49
"/Users/juanma/development/golang/happ/happ_client/lib/src/screens/events/newEvent/DLScreen/searchLocationTile.dart", "Dart", 0, 0, 0, 0, 63, 0, 0, 0, 0, 0, 0, 0, 0, 2, 2, 67
"/Users/juanma/development/golang/happ/happ_client/lib/src/screens/events/newEvent/IScreen.dart", "Dart", 0, 0, 0, 0, 240, 0, 0, 0, 0, 0, 0, 0, 0, 16, 16, 272
"/Users/juanma/development/golang/happ/happ_client/lib/src/screens/events/newEvent/IScreen/inviteLoadingDialog.dart", "Dart", 0, 0, 0, 0, 155, 0, 0, 0, 0, 0, 0, 0, 0, 22, 6, 183
"/Users/juanma/development/golang/happ/happ_client/lib/src/screens/events/newEvent/IScreen/newEventGuestList.dart", "Dart", 0, 0, 0, 0, 189, 0, 0, 0, 0, 0, 0, 0, 0, 43, 10, 242
"/Users/juanma/development/golang/happ/happ_client/lib/src/screens/events/newEvent/IScreen/searchUserInviteResults.dart", "Dart", 0, 0, 0, 0, 68, 0, 0, 0, 0, 0, 0, 0, 0, 2, 8, 78
"/Users/juanma/development/golang/happ/happ_client/lib/src/screens/events/newEvent/IScreen/searchUserInviteTile.dart", "Dart", 0, 0, 0, 0, 159, 0, 0, 0, 0, 0, 0, 0, 0, 3, 6, 168
"/Users/juanma/development/golang/happ/happ_client/lib/src/screens/events/newEvent/IScreen/userRemoveMakeOrganizerDialog.dart", "Dart", 0, 0, 0, 0, 88, 0, 0, 0, 0, 0, 0, 0, 0, 0, 2, 90
"/Users/juanma/development/golang/happ/happ_client/lib/src/screens/events/newEvent/NPDScreen.dart", "Dart", 0, 0, 0, 0, 223, 0, 0, 0, 0, 0, 0, 0, 0, 6, 25, 254
"/Users/juanma/development/golang/happ/happ_client/lib/src/screens/events/newEvent/NPDScreen/PictureSlider.dart", "Dart", 0, 0, 0, 0, 109, 0, 0, 0, 0, 0, 0, 0, 0, 6, 7, 122
"/Users/juanma/development/golang/happ/happ_client/lib/src/screens/events/newEvent/NPDScreen/photosDialog.dart", "Dart", 0, 0, 0, 0, 405, 0, 0, 0, 0, 0, 0, 0, 0, 13, 42, 460
"/Users/juanma/development/golang/happ/happ_client/lib/src/screens/events/newEvent/widgets/NextButton.dart", "Dart", 0, 0, 0, 0, 121, 0, 0, 0, 0, 0, 0, 0, 0, 6, 11, 138
"/Users/juanma/development/golang/happ/happ_client/lib/src/screens/events/newEvent/widgets/loadingDialog.dart", "Dart", 0, 0, 0, 0, 141, 0, 0, 0, 0, 0, 0, 0, 0, 8, 4, 153
"/Users/juanma/development/golang/happ/happ_client/lib/src/screens/events/scan/scanScreen.dart", "Dart", 0, 0, 0, 0, 81, 0, 0, 0, 0, 0, 0, 0, 0, 0, 3, 84
"/Users/juanma/development/golang/happ/happ_client/lib/src/screens/events/updateEvent/deleteEventDialog.dart", "Dart", 0, 0, 0, 0, 178, 0, 0, 0, 0, 0, 0, 0, 0, 28, 6, 212
"/Users/juanma/development/golang/happ/happ_client/lib/src/screens/events/updateEvent/updateEvent.dart", "Dart", 0, 0, 0, 0, 337, 0, 0, 0, 0, 0, 0, 0, 0, 108, 16, 461
"/Users/juanma/development/golang/happ/happ_client/lib/src/screens/events/updateEvent/widgets/imageActionsDialog.dart", "Dart", 0, 0, 0, 0, 139, 0, 0, 0, 0, 0, 0, 0, 0, 4, 5, 148
"/Users/juanma/development/golang/happ/happ_client/lib/src/screens/events/updateEvent/widgets/loadingUpdatedEventDialog.dart", "Dart", 0, 0, 0, 0, 147, 0, 0, 0, 0, 0, 0, 0, 0, 17, 4, 168
"/Users/juanma/development/golang/happ/happ_client/lib/src/screens/events/updateEvent/widgets/searchFUTAAGInviteTile.dart", "Dart", 0, 0, 0, 0, 117, 0, 0, 0, 0, 0, 0, 0, 0, 13, 6, 136
"/Users/juanma/development/golang/happ/happ_client/lib/src/screens/events/updateEvent/widgets/updateButton.dart", "Dart", 0, 0, 0, 0, 131, 0, 0, 0, 0, 0, 0, 0, 0, 6, 9, 146
"/Users/juanma/development/golang/happ/happ_client/lib/src/screens/events/updateEvent/widgets/updateDatetime.dart", "Dart", 0, 0, 0, 0, 56, 0, 0, 0, 0, 0, 0, 0, 0, 1, 10, 67
"/Users/juanma/development/golang/happ/happ_client/lib/src/screens/events/updateEvent/widgets/updateDatetimePicker.dart", "Dart", 0, 0, 0, 0, 111, 0, 0, 0, 0, 0, 0, 0, 0, 13, 6, 130
"/Users/juanma/development/golang/happ/happ_client/lib/src/screens/events/updateEvent/widgets/updateEventMap.dart", "Dart", 0, 0, 0, 0, 96, 0, 0, 0, 0, 0, 0, 0, 0, 0, 19, 115
"/Users/juanma/development/golang/happ/happ_client/lib/src/screens/events/updateEvent/widgets/updateEventPictureSlider.dart", "Dart", 0, 0, 0, 0, 339, 0, 0, 0, 0, 0, 0, 0, 0, 4, 31, 374
"/Users/juanma/development/golang/happ/happ_client/lib/src/screens/events/widgets/acceptButton.dart", "Dart", 0, 0, 0, 0, 161, 0, 0, 0, 0, 0, 0, 0, 0, 33, 29, 223
"/Users/juanma/development/golang/happ/happ_client/lib/src/screens/events/widgets/eventMap.dart", "Dart", 0, 0, 0, 0, 162, 0, 0, 0, 0, 0, 0, 0, 0, 14, 15, 191
"/Users/juanma/development/golang/happ/happ_client/lib/src/screens/events/widgets/eventMapAttributionDialog.dart", "Dart", 0, 0, 0, 0, 128, 0, 0, 0, 0, 0, 0, 0, 0, 14, 3, 145
"/Users/juanma/development/golang/happ/happ_client/lib/src/screens/events/widgets/leaveEventConfirmDialog.dart", "Dart", 0, 0, 0, 0, 179, 0, 0, 0, 0, 0, 0, 0, 0, 6, 5, 190
"/Users/juanma/development/golang/happ/happ_client/lib/src/screens/events/widgets/leaveEventDialog.dart", "Dart", 0, 0, 0, 0, 101, 0, 0, 0, 0, 0, 0, 0, 0, 3, 3, 107
"/Users/juanma/development/golang/happ/happ_client/lib/src/screens/events/widgets/updateOrDeleteEventDialog.dart", "Dart", 0, 0, 0, 0, 152, 0, 0, 0, 0, 0, 0, 0, 0, 8, 4, 164
"/Users/juanma/development/golang/happ/happ_client/lib/src/screens/home.dart", "Dart", 0, 0, 0, 0, 199, 0, 0, 0, 0, 0, 0, 0, 0, 45, 18, 262
"/Users/juanma/development/golang/happ/happ_client/lib/src/screens/main/AllEventInvitations.dart", "Dart", 0, 0, 0, 0, 159, 0, 0, 0, 0, 0, 0, 0, 0, 3, 16, 178
"/Users/juanma/development/golang/happ/happ_client/lib/src/screens/main/main.dart", "Dart", 0, 0, 0, 0, 93, 0, 0, 0, 0, 0, 0, 0, 0, 28, 6, 127
"/Users/juanma/development/golang/happ/happ_client/lib/src/screens/main/userEvents.dart", "Dart", 0, 0, 0, 0, 448, 0, 0, 0, 0, 0, 0, 0, 0, 69, 26, 543
"/Users/juanma/development/golang/happ/happ_client/lib/src/screens/main/widgets/invitationsFromFriends.dart", "Dart", 0, 0, 0, 0, 375, 0, 0, 0, 0, 0, 0, 0, 0, 23, 30, 428
"/Users/juanma/development/golang/happ/happ_client/lib/src/screens/main/widgets/otherInvitations.dart", "Dart", 0, 0, 0, 0, 377, 0, 0, 0, 0, 0, 0, 0, 0, 10, 28, 415
"/Users/juanma/development/golang/happ/happ_client/lib/src/screens/profile/profile.dart", "Dart", 0, 0, 0, 0, 0, 0, 0, 0, 0, 0, 0, 0, 0, 286, 14, 300
"/Users/juanma/development/golang/happ/happ_client/lib/src/screens/profile/widgets/addRemoveButton.dart", "Dart", 0, 0, 0, 0, 0, 0, 0, 0, 0, 0, 0, 0, 0, 84, 12, 96
"/Users/juanma/development/golang/happ/happ_client/lib/src/screens/search/class/SearchUserInviteResParams.dart", "Dart", 0, 0, 0, 0, 11, 0, 0, 0, 0, 0, 0, 0, 0, 0, 1, 12
"/Users/juanma/development/golang/happ/happ_client/lib/src/screens/search/search.dart", "Dart", 0, 0, 0, 0, 25, 0, 0, 0, 0, 0, 0, 0, 0, 19, 2, 46
"/Users/juanma/development/golang/happ/happ_client/lib/src/screens/search/searchBar.dart", "Dart", 0, 0, 0, 0, 96, 0, 0, 0, 0, 0, 0, 0, 0, 10, 7, 113
"/Users/juanma/development/golang/happ/happ_client/lib/src/screens/search/searchResults.dart", "Dart", 0, 0, 0, 0, 59, 0, 0, 0, 0, 0, 0, 0, 0, 0, 4, 63
"/Users/juanma/development/golang/happ/happ_client/lib/src/screens/search/widgets/saerchUserAddButton.dart", "Dart", 0, 0, 0, 0, 59, 0, 0, 0, 0, 0, 0, 0, 0, 1, 4, 64
"/Users/juanma/development/golang/happ/happ_client/lib/src/screens/search/widgets/searchUserTile.dart", "Dart", 0, 0, 0, 0, 79, 0, 0, 0, 0, 0, 0, 0, 0, 50, 3, 132
"/Users/juanma/development/golang/happ/happ_client/lib/src/screens/settings/settings.dart", "Dart", 0, 0, 0, 0, 114, 0, 0, 0, 0, 0, 0, 0, 0, 12, 4, 130
"/Users/juanma/development/golang/happ/happ_client/lib/src/screens/settings/widgets/loadingDialog.dart", "Dart", 0, 0, 0, 0, 158, 0, 0, 0, 0, 0, 0, 0, 0, 2, 4, 164
"/Users/juanma/development/golang/happ/happ_client/lib/src/screens/settings/widgets/settingsTile.dart", "Dart", 0, 0, 0, 0, 36, 0, 0, 0, 0, 0, 0, 0, 0, 0, 2, 38
"/Users/juanma/development/golang/happ/happ_client/lib/src/utils/buttons/customGestureDetector.dart", "Dart", 0, 0, 0, 0, 118, 0, 0, 0, 0, 0, 0, 0, 0, 0, 12, 130
"/Users/juanma/development/golang/happ/happ_client/lib/src/utils/constants.dart", "Dart", 0, 0, 0, 0, 1, 0, 0, 0, 0, 0, 0, 0, 0, 0, 0, 1
"/Users/juanma/development/golang/happ/happ_client/lib/src/utils/event/eventOptions.dart", "Dart", 0, 0, 0, 0, 334, 0, 0, 0, 0, 0, 0, 0, 0, 2, 31, 367
"/Users/juanma/development/golang/happ/happ_client/lib/src/utils/event/eventTypesConverter.dart", "Dart", 0, 0, 0, 0, 23, 0, 0, 0, 0, 0, 0, 0, 0, 0, 10, 33
"/Users/juanma/development/golang/happ/happ_client/lib/src/utils/getUserIdFromFBIDToken.dart", "Dart", 0, 0, 0, 0, 21, 0, 0, 0, 0, 0, 0, 0, 0, 0, 7, 28
"/Users/juanma/development/golang/happ/happ_client/lib/src/utils/globalUtils.dart", "Dart", 0, 0, 0, 0, 1, 0, 0, 0, 0, 0, 0, 0, 0, 0, 0, 1
"/Users/juanma/development/golang/happ/happ_client/lib/src/utils/indicators/circularTabIndicator.dart", "Dart", 0, 0, 0, 0, 40, 0, 0, 0, 0, 0, 0, 0, 0, 0, 0, 40
"/Users/juanma/development/golang/happ/happ_client/lib/src/utils/jwt.dart", "Dart", 0, 0, 0, 0, 30, 0, 0, 0, 0, 0, 0, 0, 0, 0, 10, 40
"/Users/juanma/development/golang/happ/happ_client/lib/src/utils/network/networkTypes.dart", "Dart", 0, 0, 0, 0, 0, 0, 0, 0, 0, 0, 0, 0, 0, 5, 1, 6
"/Users/juanma/development/golang/happ/happ_client/lib/src/utils/network/networkUtils.dart", "Dart", 0, 0, 0, 0, 15, 0, 0, 0, 0, 0, 0, 0, 0, 0, 2, 17
"/Users/juanma/development/golang/happ/happ_client/lib/src/utils/user/currentUser.dart", "Dart", 0, 0, 0, 0, 0, 0, 0, 0, 0, 0, 0, 0, 0, 4, 1, 5
"/Users/juanma/development/golang/happ/happ_client/lib/src/utils/user/userTypesConverter.dart", "Dart", 0, 0, 0, 0, 13, 0, 0, 0, 0, 0, 0, 0, 0, 10, 8, 31
"/Users/juanma/development/golang/happ/happ_client/lib/src/utils/userLocation/UserLocation.dart", "Dart", 0, 0, 0, 0, 14, 0, 0, 0, 0, 0, 0, 0, 0, 5, 2, 21
"/Users/juanma/development/golang/happ/happ_client/lib/src/utils/userOptions.dart", "Dart", 0, 0, 0, 0, 131, 0, 0, 0, 0, 0, 0, 0, 0, 32, 22, 185
"/Users/juanma/development/golang/happ/happ_client/lib/src/utils/widgets/UserLocationMarkerAnimation.dart", "Dart", 0, 0, 0, 0, 66, 0, 0, 0, 0, 0, 0, 0, 0, 1, 9, 76
"/Users/juanma/development/golang/happ/happ_client/lib/src/utils/widgets/datetimeField.dart", "Dart", 0, 0, 0, 0, 46, 0, 0, 0, 0, 0, 0, 0, 0, 0, 2, 48
"/Users/juanma/development/golang/happ/happ_client/lib/src/utils/widgets/floatingActions.dart", "Dart", 0, 0, 0, 0, 28, 0, 0, 0, 0, 0, 0, 0, 0, 0, 2, 30
"/Users/juanma/development/golang/happ/happ_client/lib/src/utils/widgets/loader.dart", "Dart", 0, 0, 0, 0, 25, 0, 0, 0, 0, 0, 0, 0, 0, 0, 2, 27
"/Users/juanma/development/golang/happ/happ_client/lib/src/utils/widgets/mapboxMap.dart", "Dart", 0, 0, 0, 0, 109, 0, 0, 0, 0, 0, 0, 0, 0, 5, 3, 117
"/Users/juanma/development/golang/happ/happ_client/lib/src/utils/widgets/screenTabWrapper.dart", "Dart", 0, 0, 0, 0, 15, 0, 0, 0, 0, 0, 0, 0, 0, 0, 2, 17
"/Users/juanma/development/golang/happ/happ_client/lib/src/wrapper.dart", "Dart", 0, 0, 0, 0, 85, 0, 0, 0, 0, 0, 0, 0, 0, 5, 17, 107
"/Users/juanma/development/golang/happ/happ_client/pubspec.yaml", "YAML", 0, 77, 0, 0, 0, 0, 0, 0, 0, 0, 0, 0, 0, 59, 16, 152
"/Users/juanma/development/golang/happ/happ_client/schema.graphql", "GraphQL", 0, 0, 0, 0, 0, 207, 0, 0, 0, 0, 0, 0, 0, 0, 22, 229
"/Users/juanma/development/golang/happ/happ_client/test/widget_test.dart", "Dart", 0, 0, 0, 0, 14, 0, 0, 0, 0, 0, 0, 0, 0, 10, 7, 31
"/Users/juanma/development/golang/happ/happ_server/config/config.go", "Go", 0, 0, 0, 0, 0, 0, 0, 0, 0, 73, 0, 0, 0, 11, 20, 104
"/Users/juanma/development/golang/happ/happ_server/database/database.go", "Go", 0, 0, 0, 0, 0, 0, 0, 0, 0, 57, 0, 0, 0, 3, 16, 76
"/Users/juanma/development/golang/happ/happ_server/ent/client.go", "Go", 0, 0, 0, 0, 0, 0, 0, 0, 0, 853, 0, 0, 0, 167, 141, 1161
"/Users/juanma/development/golang/happ/happ_server/ent/device.go", "Go", 0, 0, 0, 0, 0, 0, 0, 0, 0, 128, 0, 0, 0, 29, 15, 172
"/Users/juanma/development/golang/happ/happ_server/ent/device/device.go", "Go", 0, 0, 0, 0, 0, 0, 0, 0, 0, 69, 0, 0, 0, 24, 15, 108
"/Users/juanma/development/golang/happ/happ_server/ent/device/where.go", "Go", 0, 0, 0, 0, 0, 0, 0, 0, 0, 175, 0, 0, 0, 47, 50, 272
"/Users/juanma/development/golang/happ/happ_server/ent/device_create.go", "Go", 0, 0, 0, 0, 0, 0, 0, 0, 0, 396, 0, 0, 0, 129, 56, 581
"/Users/juanma/development/golang/happ/happ_server/ent/device_delete.go", "Go", 0, 0, 0, 0, 0, 0, 0, 0, 0, 67, 0, 0, 0, 9, 13, 89
"/Users/juanma/development/golang/happ/happ_server/ent/device_query.go", "Go", 0, 0, 0, 0, 0, 0, 0, 0, 0, 509, 0, 0, 0, 74, 46, 629
"/Users/juanma/development/golang/happ/happ_server/ent/device_update.go", "Go", 0, 0, 0, 0, 0, 0, 0, 0, 0, 261, 0, 0, 0, 29, 33, 323
"/Users/juanma/development/golang/happ/happ_server/ent/ent.go", "Go", 0, 0, 0, 0, 0, 0, 0, 0, 0, 489, 0, 0, 0, 65, 66, 620
"/Users/juanma/development/golang/happ/happ_server/ent/ent.graphql", "GraphQL", 0, 0, 0, 0, 0, 99, 0, 0, 0, 0, 0, 0, 0, 0, 1, 100
"/Users/juanma/development/golang/happ/happ_server/ent/entc.go", "Go", 0, 0, 0, 0, 0, 0, 0, 0, 0, 29, 0, 0, 0, 24, 9, 62
"/Users/juanma/development/golang/happ/happ_server/ent/entql.go", "Go", 0, 0, 0, 0, 0, 0, 0, 0, 0, 787, 0, 0, 0, 116, 118, 1021
"/Users/juanma/development/golang/happ/happ_server/ent/enttest/enttest.go", "Go", 0, 0, 0, 0, 0, 0, 0, 0, 0, 63, 0, 0, 0, 9, 13, 85
"/Users/juanma/development/golang/happ/happ_server/ent/event.go", "Go", 0, 0, 0, 0, 0, 0, 0, 0, 0, 307, 0, 0, 0, 52, 26, 385
"/Users/juanma/development/golang/happ/happ_server/ent/event/event.go", "Go", 0, 0, 0, 0, 0, 0, 0, 0, 0, 161, 0, 0, 0, 63, 28, 252
"/Users/juanma/development/golang/happ/happ_server/ent/event/where.go", "Go", 0, 0, 0, 0, 0, 0, 0, 0, 0, 490, 0, 0, 0, 143, 146, 779
"/Users/juanma/development/golang/happ/happ_server/ent/event_create.go", "Go", 0, 0, 0, 0, 0, 0, 0, 0, 0, 880, 0, 0, 0, 206, 133, 1219
"/Users/juanma/development/golang/happ/happ_server/ent/event_delete.go", "Go", 0, 0, 0, 0, 0, 0, 0, 0, 0, 67, 0, 0, 0, 9, 13, 89
"/Users/juanma/development/golang/happ/happ_server/ent/event_query.go", "Go", 0, 0, 0, 0, 0, 0, 0, 0, 0, 723, 0, 0, 0, 86, 53, 862
"/Users/juanma/development/golang/happ/happ_server/ent/event_update.go", "Go", 0, 0, 0, 0, 0, 0, 0, 0, 0, 759, 0, 0, 0, 73, 77, 909
"/Users/juanma/development/golang/happ/happ_server/ent/eventremindernotification.go", "Go", 0, 0, 0, 0, 0, 0, 0, 0, 0, 140, 0, 0, 0, 35, 17, 192
"/Users/juanma/development/golang/happ/happ_server/ent/eventremindernotification/eventremindernotification.go", "Go", 0, 0, 0, 0, 0, 0, 0, 0, 0, 77, 0, 0, 0, 28, 14, 119
"/Users/juanma/development/golang/happ/happ_server/ent/eventremindernotification/where.go", "Go", 0, 0, 0, 0, 0, 0, 0, 0, 0, 182, 0, 0, 0, 45, 48, 275
"/Users/juanma/development/golang/happ/happ_server/ent/eventremindernotification_create.go", "Go", 0, 0, 0, 0, 0, 0, 0, 0, 0, 463, 0, 0, 0, 145, 72, 680
"/Users/juanma/development/golang/happ/happ_server/ent/eventremindernotification_delete.go", "Go", 0, 0, 0, 0, 0, 0, 0, 0, 0, 67, 0, 0, 0, 9, 13, 89
"/Users/juanma/development/golang/happ/happ_server/ent/eventremindernotification_query.go", "Go", 0, 0, 0, 0, 0, 0, 0, 0, 0, 571, 0, 0, 0, 77, 48, 696
"/Users/juanma/development/golang/happ/happ_server/ent/eventremindernotification_update.go", "Go", 0, 0, 0, 0, 0, 0, 0, 0, 0, 369, 0, 0, 0, 37, 41, 447
"/Users/juanma/development/golang/happ/happ_server/ent/eventuser.go", "Go", 0, 0, 0, 0, 0, 0, 0, 0, 0, 164, 0, 0, 0, 37, 17, 218
"/Users/juanma/development/golang/happ/happ_server/ent/eventuser/eventuser.go", "Go", 0, 0, 0, 0, 0, 0, 0, 0, 0, 96, 0, 0, 0, 38, 18, 152
"/Users/juanma/development/golang/happ/happ_server/ent/eventuser/where.go", "Go", 0, 0, 0, 0, 0, 0, 0, 0, 0, 182, 0, 0, 0, 45, 48, 275
"/Users/juanma/development/golang/happ/happ_server/ent/eventuser_create.go", "Go", 0, 0, 0, 0, 0, 0, 0, 0, 0, 585, 0, 0, 0, 163, 90, 838
"/Users/juanma/development/golang/happ/happ_server/ent/eventuser_delete.go", "Go", 0, 0, 0, 0, 0, 0, 0, 0, 0, 66, 0, 0, 0, 9, 13, 88
"/Users/juanma/development/golang/happ/happ_server/ent/eventuser_query.go", "Go", 0, 0, 0, 0, 0, 0, 0, 0, 0, 508, 0, 0, 0, 68, 42, 618
"/Users/juanma/development/golang/happ/happ_server/ent/eventuser_update.go", "Go", 0, 0, 0, 0, 0, 0, 0, 0, 0, 434, 0, 0, 0, 47, 51, 532
"/Users/juanma/development/golang/happ/happ_server/ent/external.go", "Go", 0, 0, 0, 0, 0, 0, 0, 0, 0, 12, 0, 0, 0, 1, 4, 17
"/Users/juanma/development/golang/happ/happ_server/ent/follow.go", "Go", 0, 0, 0, 0, 0, 0, 0, 0, 0, 133, 0, 0, 0, 34, 17, 184
"/Users/juanma/development/golang/happ/happ_server/ent/follow/follow.go", "Go", 0, 0, 0, 0, 0, 0, 0, 0, 0, 78, 0, 0, 0, 29, 15, 122
"/Users/juanma/development/golang/happ/happ_server/ent/follow/where.go", "Go", 0, 0, 0, 0, 0, 0, 0, 0, 0, 137, 0, 0, 0, 30, 33, 200
"/Users/juanma/development/golang/happ/happ_server/ent/follow_create.go", "Go", 0, 0, 0, 0, 0, 0, 0, 0, 0, 433, 0, 0, 0, 137, 64, 634
"/Users/juanma/development/golang/happ/happ_server/ent/follow_delete.go", "Go", 0, 0, 0, 0, 0, 0, 0, 0, 0, 66, 0, 0, 0, 9, 13, 88
"/Users/juanma/development/golang/happ/happ_server/ent/follow_query.go", "Go", 0, 0, 0, 0, 0, 0, 0, 0, 0, 507, 0, 0, 0, 68, 42, 617
"/Users/juanma/development/golang/happ/happ_server/ent/follow_update.go", "Go", 0, 0, 0, 0, 0, 0, 0, 0, 0, 351, 0, 0, 0, 35, 39, 425
"/Users/juanma/development/golang/happ/happ_server/ent/generate.go", "Go", 0, 0, 0, 0, 0, 0, 0, 0, 0, 1, 0, 0, 0, 2, 2, 5
"/Users/juanma/development/golang/happ/happ_server/ent/gql_collection.go", "Go", 0, 0, 0, 0, 0, 0, 0, 0, 0, 561, 0, 0, 0, 6, 25, 592
"/Users/juanma/development/golang/happ/happ_server/ent/gql_edge.go", "Go", 0, 0, 0, 0, 0, 0, 0, 0, 0, 103, 0, 0, 0, 1, 14, 118
"/Users/juanma/development/golang/happ/happ_server/ent/gql_mutation_input.go", "Go", 0, 0, 0, 0, 0, 0, 0, 0, 0, 118, 0, 0, 0, 32, 18, 168
"/Users/juanma/development/golang/happ/happ_server/ent/gql_node.go", "Go", 0, 0, 0, 0, 0, 0, 0, 0, 0, 299, 0, 0, 0, 17, 26, 342
"/Users/juanma/development/golang/happ/happ_server/ent/gql_pagination.go", "Go", 0, 0, 0, 0, 0, 0, 0, 0, 0, 930, 0, 0, 0, 46, 92, 1068
"/Users/juanma/development/golang/happ/happ_server/ent/gql_transaction.go", "Go", 0, 0, 0, 0, 0, 0, 0, 0, 0, 22, 0, 0, 0, 4, 5, 31
"/Users/juanma/development/golang/happ/happ_server/ent/hook/hook.go", "Go", 0, 0, 0, 0, 0, 0, 0, 0, 0, 174, 0, 0, 0, 56, 33, 263
"/Users/juanma/development/golang/happ/happ_server/ent/migrate/migrate.go", "Go", 0, 0, 0, 0, 0, 0, 0, 0, 0, 31, 0, 0, 0, 25, 10, 66
"/Users/juanma/development/golang/happ/happ_server/ent/migrate/schema.go", "Go", 0, 0, 0, 0, 0, 0, 0, 0, 0, 166, 0, 0, 0, 14, 5, 185
"/Users/juanma/development/golang/happ/happ_server/ent/mutation.go", "Go", 0, 0, 0, 0, 0, 0, 0, 0, 0, 3466, 0, 0, 0, 661, 436, 4563
"/Users/juanma/development/golang/happ/happ_server/ent/predicate/predicate.go", "Go", 0, 0, 0, 0, 0, 0, 0, 0, 0, 10, 0, 0, 0, 7, 9, 26
"/Users/juanma/development/golang/happ/happ_server/ent/runtime.go", "Go", 0, 0, 0, 0, 0, 0, 0, 0, 0, 112, 0, 0, 0, 52, 4, 168
"/Users/juanma/development/golang/happ/happ_server/ent/runtime/runtime.go", "Go", 0, 0, 0, 0, 0, 0, 0, 0, 0, 5, 0, 0, 0, 2, 4, 11
"/Users/juanma/development/golang/happ/happ_server/ent/schema/device.go", "Go", 0, 0, 0, 0, 0, 0, 0, 0, 0, 37, 0, 0, 0, 3, 6, 46
"/Users/juanma/development/golang/happ/happ_server/ent/schema/event.go", "Go", 0, 0, 0, 0, 0, 0, 0, 0, 0, 65, 0, 0, 0, 11, 9, 85
"/Users/juanma/development/golang/happ/happ_server/ent/schema/eventReminderNotfication.go", "Go", 0, 0, 0, 0, 0, 0, 0, 0, 0, 41, 0, 0, 0, 4, 7, 52
"/Users/juanma/development/golang/happ/happ_server/ent/schema/eventUser.go", "Go", 0, 0, 0, 0, 0, 0, 0, 0, 0, 49, 0, 0, 0, 5, 7, 61
"/Users/juanma/development/golang/happ/happ_server/ent/schema/follow.go", "Go", 0, 0, 0, 0, 0, 0, 0, 0, 0, 46, 0, 0, 0, 12, 9, 67
"/Users/juanma/development/golang/happ/happ_server/ent/schema/schematype/point.go", "Go", 0, 0, 0, 0, 0, 0, 0, 0, 0, 37, 0, 0, 0, 7, 8, 52
"/Users/juanma/development/golang/happ/happ_server/ent/schema/user.go", "Go", 0, 0, 0, 0, 0, 0, 0, 0, 0, 61, 0, 0, 0, 20, 8, 89
"/Users/juanma/development/golang/happ/happ_server/ent/tx.go", "Go", 0, 0, 0, 0, 0, 0, 0, 0, 0, 137, 0, 0, 0, 83, 32, 252
"/Users/juanma/development/golang/happ/happ_server/ent/user.go", "Go", 0, 0, 0, 0, 0, 0, 0, 0, 0, 361, 0, 0, 0, 70, 42, 473
"/Users/juanma/development/golang/happ/happ_server/ent/user/user.go", "Go", 0, 0, 0, 0, 0, 0, 0, 0, 0, 217, 0, 0, 0, 77, 32, 326
"/Users/juanma/development/golang/happ/happ_server/ent/user/where.go", "Go", 0, 0, 0, 0, 0, 0, 0, 0, 0, 457, 0, 0, 0, 115, 118, 690
"/Users/juanma/development/golang/happ/happ_server/ent/user_create.go", "Go", 0, 0, 0, 0, 0, 0, 0, 0, 0, 683, 0, 0, 0, 162, 89, 934
"/Users/juanma/development/golang/happ/happ_server/ent/user_delete.go", "Go", 0, 0, 0, 0, 0, 0, 0, 0, 0, 67, 0, 0, 0, 9, 13, 89
"/Users/juanma/development/golang/happ/happ_server/ent/user_query.go", "Go", 0, 0, 0, 0, 0, 0, 0, 0, 0, 1133, 0, 0, 0, 106, 65, 1304
"/Users/juanma/development/golang/happ/happ_server/ent/user_update.go", "Go", 0, 0, 0, 0, 0, 0, 0, 0, 0, 1031, 0, 0, 0, 79, 83, 1193
"/Users/juanma/development/golang/happ/happ_server/go.mod", "Go Module File", 0, 0, 0, 0, 0, 0, 0, 0, 0, 0, 119, 0, 0, 0, 5, 124
"/Users/juanma/development/golang/happ/happ_server/go.sum", "Go Checksum File", 0, 0, 0, 0, 0, 0, 0, 0, 0, 0, 0, 0, 730, 0, 1, 731
"/Users/juanma/development/golang/happ/happ_server/gqlgen.yml", "YAML", 0, 38, 0, 0, 0, 0, 0, 0, 0, 0, 0, 0, 0, 32, 12, 82
"/Users/juanma/development/golang/happ/happ_server/graph/dataloaders/dataloaders.go", "Go", 0, 0, 0, 0, 0, 0, 0, 0, 0, 72, 0, 0, 0, 11, 18, 101
"/Users/juanma/development/golang/happ/happ_server/graph/generated/generated.go", "Go", 0, 0, 0, 0, 0, 0, 0, 0, 0, 9215, 0, 0, 0, 18, 932, 10165
"/Users/juanma/development/golang/happ/happ_server/graph/model/models_gen.go", "Go", 0, 0, 0, 0, 0, 0, 0, 0, 0, 159, 0, 0, 0, 1, 36, 196
"/Users/juanma/development/golang/happ/happ_server/graph/resolver.go", "Go", 0, 0, 0, 0, 0, 0, 0, 0, 0, 12, 0, 0, 0, 0, 5, 17
"/Users/juanma/development/golang/happ/happ_server/graph/schema.graphqls", "GraphQL", 0, 0, 0, 0, 0, 4, 0, 0, 0, 0, 0, 0, 0, 0, 0, 4
"/Users/juanma/development/golang/happ/happ_server/graph/user.graphqls", "GraphQL", 0, 0, 0, 0, 0, 205, 0, 0, 0, 0, 0, 0, 0, 34, 25, 264
"/Users/juanma/development/golang/happ/happ_server/graph/user.resolvers.go", "Go", 0, 0, 0, 0, 0, 0, 0, 0, 0, 2282, 0, 0, 0, 160, 522, 2964
"/Users/juanma/development/golang/happ/happ_server/happ-fa9e4-firebase-adminsdk-csnty-1bb60eb9e0.json", "JSON", 0, 0, 0, 0, 0, 0, 0, 0, 0, 0, 0, 12, 0, 0, 1, 13
"/Users/juanma/development/golang/happ/happ_server/hash/hash.go", "Go", 0, 0, 0, 0, 0, 0, 0, 0, 0, 98, 0, 0, 0, 8, 25, 131
"/Users/juanma/development/golang/happ/happ_server/jwtActions/jwtActions.go", "Go", 0, 0, 0, 0, 0, 0, 0, 0, 0, 1, 0, 0, 0, 119, 30, 150
"/Users/juanma/development/golang/happ/happ_server/jwtActions/jwtPayload.go", "Go", 0, 0, 0, 0, 0, 0, 0, 0, 0, 8, 0, 0, 0, 0, 3, 11
"/Users/juanma/development/golang/happ/happ_server/main.go", "Go", 0, 0, 0, 0, 0, 0, 0, 0, 0, 85, 0, 0, 0, 5, 27, 117
"/Users/juanma/development/golang/happ/happ_server/middleware/contextMiddleware.go", "Go", 0, 0, 0, 0, 0, 0, 0, 0, 0, 38, 0, 0, 0, 0, 16, 54
"/Users/juanma/development/golang/happ/happ_server/migration/main.go", "Go", 0, 0, 0, 0, 0, 0, 0, 0, 0, 34, 0, 0, 0, 4, 7, 45
"/Users/juanma/development/golang/happ/happ_server/resolverUtils/userInputValidation.go", "Go", 0, 0, 0, 0, 0, 0, 0, 0, 0, 1, 0, 0, 0, 272, 63, 336
"/Users/juanma/development/golang/happ/happ_server/tools.go", "Go", 0, 0, 0, 0, 0, 0, 0, 0, 0, 4, 0, 0, 0, 2, 3, 9
"/Users/juanma/development/golang/happ/happ_server/utils/AES-GCM_Encryption/AES-GCM_Encryption.go", "Go", 0, 0, 0, 0, 0, 0, 0, 0, 0, 32, 0, 0, 0, 0, 11, 43
"/Users/juanma/development/golang/happ/happ_server/utils/DBTransactions/DBTransactions.go", "Go", 0, 0, 0, 0, 0, 0, 0, 0, 0, 17, 0, 0, 0, 12, 4, 33
"/Users/juanma/development/golang/happ/happ_server/utils/aws/awsClients.go", "Go", 0, 0, 0, 0, 0, 0, 0, 0, 0, 45, 0, 0, 0, 0, 14, 59
"/Users/juanma/development/golang/happ/happ_server/utils/aws/awsParams/parameterStore.go", "Go", 0, 0, 0, 0, 0, 0, 0, 0, 0, 134, 0, 0, 0, 2, 32, 168
"/Users/juanma/development/golang/happ/happ_server/utils/aws/awsS3/s3.go", "Go", 0, 0, 0, 0, 0, 0, 0, 0, 0, 42, 0, 0, 0, 0, 9, 51
"/Users/juanma/development/golang/happ/happ_server/utils/aws/createParam/createParam.go", "Go", 0, 0, 0, 0, 0, 0, 0, 0, 0, 1, 0, 0, 0, 226, 70, 297
"/Users/juanma/development/golang/happ/happ_server/utils/background/background.go", "Go", 0, 0, 0, 0, 0, 0, 0, 0, 0, 210, 0, 0, 0, 3, 40, 253
"/Users/juanma/development/golang/happ/happ_server/utils/entClient.go", "Go", 0, 0, 0, 0, 0, 0, 0, 0, 0, 3, 0, 0, 0, 0, 3, 6
"/Users/juanma/development/golang/happ/happ_server/utils/firebase/firebase.go", "Go", 0, 0, 0, 0, 0, 0, 0, 0, 0, 44, 0, 0, 0, 0, 13, 57
"/Users/juanma/development/golang/happ/happ_server/utils/firebase/pushNotfications.go", "Go", 0, 0, 0, 0, 0, 0, 0, 0, 0, 31, 0, 0, 0, 0, 7, 38
"/Users/juanma/development/golang/happ/happ_server/utils/getUserID.go", "Go", 0, 0, 0, 0, 0, 0, 0, 0, 0, 38, 0, 0, 0, 4, 16, 58
"/Users/juanma/development/golang/happ/happ_server/utils/inputHandlers/usernameInputHandler.go", "Go", 0, 0, 0, 0, 0, 0, 0, 0, 0, 19, 0, 0, 0, 0, 4, 23
"/Users/juanma/development/golang/happ/happ_server/utils/isAuth.go", "Go", 0, 0, 0, 0, 0, 0, 0, 0, 0, 51, 0, 0, 0, 4, 22, 77
"/Users/juanma/development/golang/happ/happ_server/utils/meilisearch/meiliClient.go", "Go", 0, 0, 0, 0, 0, 0, 0, 0, 0, 30, 0, 0, 0, 33, 12, 75
"/Users/juanma/development/golang/happ/happ_server/utils/meilisearch/meilisearch.go", "Go", 0, 0, 0, 0, 0, 0, 0, 0, 0, 101, 0, 0, 0, 13, 36, 150
"/Users/juanma/development/golang/happ/happ_server/utils/newEventUtils/eventKeys.go", "Go", 0, 0, 0, 0, 0, 0, 0, 0, 0, 41, 0, 0, 0, 12, 16, 69
"/Users/juanma/development/golang/happ/happ_server/utils/notifications/notifications.go", "Go", 0, 0, 0, 0, 0, 0, 0, 0, 0, 48, 0, 0, 0, 0, 10, 58
"/Users/juanma/development/golang/happ/happ_server/utils/redis/redis.go", "Go", 0, 0, 0, 0, 0, 0, 0, 0, 0, 1, 0, 0, 0, 32, 16, 49
"/Users/juanma/development/golang/happ/happ_server/utils/redis/redisClient.go", "Go", 0, 0, 0, 0, 0, 0, 0, 0, 0, 1, 0, 0, 0, 9, 4, 14
"/Users/juanma/development/golang/happ/happ_server/utils/removeDuplicateItems.go", "Go", 0, 0, 0, 0, 0, 0, 0, 0, 0, 12, 0, 0, 0, 0, 4, 16
"Total", "-", 160, 139, 8, 89, 19345, 827, 1, 13, 12, 36294, 119, 157, 730, 8099, 7794, 73787